Id;WBAN;WMO;Name;MicroArt Start Date;MicroArt End Date;RRS Start Date
KABQ;23050;72365;Albuquerque, NM;000001;;200805
KABR;14929;72659;Aberdeen, SD;000001;;200608
KALB;14735;72518;Albany, NY;000001;199706;
KALB;54775;72518;Albany, NY;000001;199509;
KAMA;23047;72363;Amarillo, TX;000001;;200605
KAPX;04837;72634;Gaylord, MI;000001;;200708
KBIS;24011;72764;Bismarck, ND;000001;;200608
KBMX;53823;72230;Birmingham, AL;000001;;200703
KBOI;24131;72681;Boise, ID;000001;;200610
KBRO;12919;72250;Brownsville, TX;000001;;
KBUF;14733;72528;Buffalo, NY;000001;;200610
KCAR;14607;72712;Caribou, ME;000001;;
KCHH;14684;74494;Chatham, MA;000001;;
KCHS;13880;72208;Charleston, SC;000001;199812;200806
KCRP;12924;72251;Corpus Christi, TX;000001;;200510
KDDC;13985;72451;Dodge City, KS;000001;;
KDNR;23062;72469;Denver Int Apt, CO;000001;;
KDRA;03160;72387;Desert Rock, NV;000001;;
KDRT;22010;72261;Del Rio, TX;000001;;200806
KDTX;04830;72632;Detroit, MI;000001;;
KDVN;94982;74455;Quad Cities, IA;000001;;200711
KEPZ;03020;72364;Santa Teresa/El Paso, NM;000001;;200805
KEYW;12850;72201;Key West, FL;000001;;
KFFC;53819;72215;Peachtree City, GA;000001;;200804
KFGZ;53103;72376;Flagstaff, AZ;000001;;200606
KFWD;03990;72249;Fort Worth, TX;000001;;200712
KGGW;94008;72768;Glasgow, MT;000001;;200707
KGJT;23066;72476;Grand Junction, CO;000001;;200609
KGRB;14898;72645;Green Bay, WI;000001;;
KGSO;13723;72317;Greensboro, NC;000001;;200702
KGYX;54762;74389;Gray (Portland), ME;000001;;200610
KHTS;03860;72425;Huntington, WV;000001;199511;
KIAD;93734;72403;Sterling, VA;000001;;200508
KILN;13841;72426;Wilmington(Cincinnati), OH;000001;;200704
KILX;04833;74560;Lincoln, IL;000001;;200707
KINL;14918;72747;International Falls, MN;000001;;
KJAN;03940;72235;Jackson, MS;000001;;200803
KJAX;13889;72206;Jacksonville, FL;000001;;200701
KLBF;24023;72562;North Platte, NE;000001;;200709
KLCH;03937;72240;Lake Charles, LA;000001;;200603
KLIX;53813;72233;Slidell, LA;000001;;200803
KLKN;04105;72582;Elko, NV;000001;;200706
KLZK;03952;72340;Little Rock, AR;000001;;200804
KMAF;23023;72265;Midland, TX;000001;;200604
KMFL;92803;72202;Miami, FL;000001;;200705
KMFR;24225;72597;Medford, OH;000001;;
KMHX;93768;72305;Newport, NC;000001;;200701
KMPX;94983;72649;Chanhassen/Minneapolis, MN;000001;;200509
KOAK;23230;72493;Oakland, CA;000001;;
KOAX;94980;72558;Omaha/Valley, NE;000001;;200709
KOHX;13897;72327;Old Hickory/Nashville, TN;000001;;200705
KOKX;94703;72501;New York City, NY;000001;;
KOTX;04106;72786;Spokane, WA;000001;200604;200605
KOUN;03948;72357;Norman, OK;000001;;200611
KPBZ;94823;72520;Pittsburgh, PA;000001;;
KRAP;24090;72662;Rapid City, SD;000001;200405;
KREV;03198;72489;Reno, NV;000001;;200607
KRIW;24061;72672;Riverton, WY;000001;;200609
KRNK;53829;72318;Blacksburg, VA;000001;;200702
KSGF;13995;72440;Springfield, MO;000001;;200708
KNKX;03190;72293;San Diego, CA;000001;;
KSHV;13957;72248;Shreveport, LA;000001;;200604
KSLE;24232;72694;Salem, OR;000001;;200707
KSLC;24127;72572;Salt Lake City, UT;000001;;200509
KSSM;14847;72734;Sault Ste. Marie, MI;000001;199605;
KTBW;12842;72210;Tampa Bay, FL;000001;;200703
KTFX;04102;72776;Great Falls, MT;000001;;
KTAE;93805;72214;Tallahassee, FL;000001;;200603
KTOP;13996;72456;Topeka, KS;000001;;
KTUS;23160;72274;Tucson, AZ;000001;200706;
KTWC;23160;72274;Tucson, AZ;200706;;200706
KUIL;94240;72797;Quillayute, WA;000001;;200710
KRAP;94043;72662;Rapid City, SD;000001;;200607
KWAL;93739;72402;Wallops Island, VA;000001;199509;
MDSD;11629;78486;Santa Domingo;000001;199509;
MKCG;11813;78384;Grand Cayman;000001;200009;
MKPB;11501;78954;Barbados;000001;200305;
MKPP;11634;78970;Trinidad;000001;199510;
MSJU;11641;78526;San Juan, PR;000001;;
MZBZ;11818;78583;Belize City;000001;200303;
NSTU;61705;91765;Pago Pago, AM Samoa;000001;;
PABE;26615;70219;Bethel, AK;000001;;
PABR;27502;70026;Barrow, AK;000001;;
PACD;25624;70316;Cold Bay, AK;000001;;
PADQ;25501;70350;Kodiac, AK;000001;;
PAFA;26411;70261;Fairbanks, AK;000001;;
PANC;26409;70273;Anchorage, AK;000001;;200807
PAFC;26451;70273;Anchorage, AK;000001;199511;
PAKN;25503;70326;King Salmon, AK;000001;;
PAMC;26510;70231;McGrath, AK;000001;;
PANT;25308;70398;Annette, AK;000001;;
PAOM;26617;70200;Nome, AK;000001;;
PAOT;26616;70133;Kotzebue, AK;000001;;
PASN;25713;70308;St. Paul Island, AK;000001;;
PAYA;25339;70361;Yakutat, AK;000001;;
PGUM;41406;91212;Guam, Marianna Island;199903;;
PGUM;41415;91212;Guam, Marianna Island;000001;199902;
PHLI;22536;91165;Lihue, HI;000001;;
PHTO;21504;91285;Hilo, HI;000001;;
PKMR;40710;91376;Majuro, Marshall Island;000001;;
PTKK;40505;91334;Chuuk, ECI;000001;;
PTTP;40504;91348;Ponape, ECI;000001;;
PTKR;40309;91408;Koror, Palau WCI;000001;;
PTYA;40308;91413;Yap, WCI;000001;;
PWAK;41606;;Wake Island;000001;199705;
