Alabama Region|Alabama Region
Alaska|Alaska
Alexandra Fiord|Alexandra Fiord
Antarctic|Antarctic
Antofagasta, Chile|Antofagasta
Arctic|Arctic
Arctic Ocean|Arctic Ocean
Arica, Chile|Arica
Atqasuk|Atqasuk
Audkuluheidi|Audkuluheidi
Barrow|Barrow
Beaufort Sea|Beaufort Sea
Bering Sea|Bering Sea
Bering Strait|Bering Strait
Canada|Canada
CENICA Iztapalapa|CENICA Iztapalapa
Chile|Chile
Christchurch, South Island, New Zealand|Christchurch, South Island
Chukchi Sea|Chukchi Sea
Circumpolar|Circumpolar
Colorado Region|Colorado Region
Council|Council
Davis, Antarctica|Davis, Antarctica
DBO Site 1|DBO Site 1
DBO Site 2|DBO Site 2
DBO Site 3|DBO Site 3
DBO Site 4|DBO Site 4
DBO Site 5|DBO Site 5
DBO Site 6|DBO Site 6
DBO Site 7|DBO Site 7
DBO Site 8|DBO Site 8
Diego Garcia|Diego Garcia
Finse|Finse
Fixed PISA 1 - ARM Central Facility|Fixed PISA 1 - ARM Central Facility
Fixed PISA 2 - Greensburg, KS|Fixed PISA 2 - Greensburg, KS
Fixed PISA 3 - Ellis, KS|Fixed PISA 3 - Ellis, KS
Fixed PISA 4 - Minden, NE|Fixed PISA 4 - Minden, NE
Fixed PISA 5 - Brewster, KS|Fixed PISA 5 - Brewster, KS
Fixed PISA 6 - Hesston, KS|Fixed PISA 6 - Hesston, KS
Galapagos|Galapagos
Global|Global
Hobart, Tasmania|Hobart
Hokitika, South Island, New Zealand|Hokitika, South Island
Houston, Texas|Houston
Imnavait|Imnavait
India|India
Iquique, Chile|Iquique
Ivotuk|Ivotuk
Kougarok|Kougarok
Latnjajaure|Latnjajaure
Lauder, South Island, New Zealand|Lauder, South Island
Macquarie Island, Tasmania|Macquarie Island
Maldives|Maldives
Mauritius|Mauritius
Mexico|Mexico
Mexico City|Mexico City
Mobile PISA 1 - OU/NSSL CLAMPS|Mobile PISA 1 - OU/NSSL CLAMPS
Mobile PISA 2 - UAH MIPS|Mobile PISA 2 - UAH MIPS
Mobile PISA 3 - UW SPARC|Mobile PISA 3 - UW SPARC
Mobile PISA 4 - NCAR/EOL MISS|Mobile PISA 4 - NCAR/EOL MISS
Niwot Ridge|Niwot Ridge
North Slope|North Slope
NPEO|NPEO
Oklahoma Region|Oklahoma Region
Oumalik|Oumalik
Pachuca|Pachuca
Paposo, Chile|Paposo
Paranal, Chile|Paranal
Paso de Cortes - Izta-Popo National Park|Paso de Cortes - Izta-Popo National Park
Pedregal|Pedregal
Pico Tres Padres|Pico Tres Padres
Russia|Russia
Seward Peninsula|Seward Peninsula
SHEBA Ice Camp|SHEBA Ice Camp
SHEBA Tower|SHEBA Tower
St. Felix Is., Chile|St. Felix Island
Svalbard|Svalbard
T0 Instituto Mexicano del Petroleo (T0-IMP)|T0 Instituto Mexicano del Petroleo (T0-IMP)
T1 Universidad Tecnologica de Tecamac|T1 Universidad Tecnologica de Tecamac
T2 Rancho La Bisnaga|T2 Rancho La Bisnaga
Tenango Del Aire|Tenango Del Aire
Thingvellir|Thingvellir
Thule|Thule
TM1 Santa Ana|TM1 Santa Ana
Toolik|Toolik
Tula|Tula
Veracruz|Veracruz
Bhubneshwar|Bhubneshwar
Delhi|Delhi
Dharward|Dharward
Goa|Goa
Hulule|Hulule
Jodhpur|Jodhpur
KCO|Kaashidhoo
Kodaikanal|Kodaikanal
Male|Male
Minicoy|Minicoy
Mt.Abu|Mt.Abu
Mumbai|Mumbai
Mysore|Mysore
Nagpur|Nagpur
Pune|Pune
Srinagar|Srinagar
Trivandrum|Trivandrum
Varanasi|Varanasi
Vizag|Vizag
Mt. Abu|Mt. Abu
Test Site 1|Test Site 1
Test Site 2|Test Site 2
