Release Site Type/Site ID:         72357 OUN
Release Site Type/Site ID:         Armory MS
Release Site Type/Site ID:         Auburn AL
Release Site Type/Site ID:         Blackland MS
Release Site Type/Site ID:         Breaux Bridge LA
Release Site Type/Site ID:         Burnsville MS
Release Site Type/Site ID:         Canton MS
Release Site Type/Site ID:         College Station TX
Release Site Type/Site ID:         Corinth North AL
Release Site Type/Site ID:         Corinth West AL
Release Site Type/Site ID:         Courtland AL
Release Site Type/Site ID:         Cullman AL
Release Site Type/Site ID:         Decatur AL
Release Site Type/Site ID:         Dodge City AL
Release Site Type/Site ID:         Fayette AL
Release Site Type/Site ID:         Florence AL
Release Site Type/Site ID:         Fort Smith AR
Release Site Type/Site ID:         Good Hope AL
Release Site Type/Site ID:         Greenville MS
Release Site Type/Site ID:         Hackleburg AL
Release Site Type/Site ID:         Hamilton AL
Release Site Type/Site ID:         Hamilton South AL
Release Site Type/Site ID:         Hamilton West AL
Release Site Type/Site ID:         Huntsville AL
Release Site Type/Site ID:         Iuka MS
Release Site Type/Site ID:         KBMX Birmingham, AL / 72230
Release Site Type/Site ID:         KCRP Corpus Christi, TX / 72251
Release Site Type/Site ID:         KFFC Peachtree City, GA / 72215
Release Site Type/Site ID:         KFWD Fort Worth, TX / 72249
Release Site Type/Site ID:         KJAN Jackson, MS / 72235
Release Site Type/Site ID:         KLCH Lake Charles, LA / 72240
Release Site Type/Site ID:         KLIX Slidell, LA / 72233
Release Site Type/Site ID:         KLZK Little Rock, AR / 72340
Release Site Type/Site ID:         KOHX Old Hickory/Nashville, TN / 72327
Release Site Type/Site ID:         KSGF Springfield, MO / 72440
Release Site Type/Site ID:         KSHV Shreveport, LA / 72248
Release Site Type/Site ID:         KTAE Tallahassee, FL / 72214
Release Site Type/Site ID:         Marlow OK
Release Site Type/Site ID:         Memphis TN
Release Site Type/Site ID:         Mobile AL
Release Site Type/Site ID:         Monroe LA
Release Site Type/Site ID:         Montgomery AL
Release Site Type/Site ID:         Moulton AL
Release Site Type/Site ID:         Natural Bridge AL
Release Site Type/Site ID:         Priceville AL
Release Site Type/Site ID:         Red Bay AL
Release Site Type/Site ID:         Russellville1 AL
Release Site Type/Site ID:         Russellville2 AL
Release Site Type/Site ID:         Russellville3 AL
Release Site Type/Site ID:         Russellville4 AL
Release Site Type/Site ID:         Scottsborro AL
Release Site Type/Site ID:         SE Montgomery AL
Release Site Type/Site ID:         Sikeston MO
Release Site Type/Site ID:         Starkville MS
Release Site Type/Site ID:         Trinity AL
